[
	{
		"id": 0,
		"address": "Paraguay 4100",
		"area": "Capital",
		"beds": "",
		"city": "Recoleta",
		"description": "Alquiler Hermoso 2 Amb en Palermo Soho. en Torre de Categoría - Seguridad 24 Hs y Amenities!",
		"image": "/assets/img/properties/property-0.jpg",
		"money": "$",
		"price": 35000,
		"type": "departamento"
	},
	{
		"id": 1,
		"address": "Av. del Libertador 3600",
		"area": "Capital",
		"beds": "",
		"city": "Palermo",
		"description": "Alquiler Hermoso 2 Amb en Palermo Soho. en Torre de Categoría - Seguridad 24 Hs y Amenities!",
		"image": "/assets/img/properties/property-1.jpg",
		"money": "$",
		"price": 42500,
		"type": "departamento"
	},
	{
		"id": 2,
		"address": "Av. Belgrano 3245",
		"area": "Capital",
		"beds": "",
		"city": "Boedo",
		"description": "Alquiler Hermoso 2 Amb en Palermo Soho. en Torre de Categoría - Seguridad 24 Hs y Amenities!",
		"image": "/assets/img/properties/property-2.jpg",
		"money": "$",
		"price": 25000,
		"type": "departamento"
	},
	{
		"id": 3,
		"address": "Beruti 4500",
		"area": "Capital",
		"beds": "",
		"city": "Palermo",
		"description": "Alquiler Hermoso 2 Amb en Palermo Soho. en Torre de Categoría - Seguridad 24 Hs y Amenities!",
		"image": "/assets/img/properties/property-0.jpg",
		"money": "$",
		"price": 23000,
		"type": "departamento"
	},
	{
		"id": 4,
		"address": "Av. José María Moreno 1445",
		"area": "Capital",
		"beds": "",
		"city": "Caballito",
		"description": "Alquiler Hermoso 2 Amb en Palermo Soho. en Torre de Categoría - Seguridad 24 Hs y Amenities!",
		"image": "/assets/img/properties/property-1.jpg",
		"money": "$",
		"price": 15000,
		"type": "departamento"
	},
	{
		"id": 5,
		"address": "Austria 1900",
		"area": "Capital",
		"beds": "",
		"city": "Barrio Norte",
		"description": "Alquiler Hermoso 2 Amb en Palermo Soho. en Torre de Categoría - Seguridad 24 Hs y Amenities!",
		"image": "https://imgar.zonapropcdn.com/avisos/1/00/48/00/83/88/360x266/1769425482.jpg",
		"money": "$",
		"price": 38700,
		"type": "departamento"
	},
	{
		"id": 6,
		"address": "Av. Pres. Figueroa Alcorta 3548",
		"area": "Capital",
		"beds": "",
		"city": "Barrio Parque",
		"description": "Alquiler Hermoso 2 Amb en Palermo Soho. en Torre de Categoría - Seguridad 24 Hs y Amenities!",
		"image": "/assets/img/properties/property-1.jpg",
		"money": "$",
		"price": 90000,
		"type": "casa"
	},
	{
		"id": 7,
		"address": "Av. Santa Fe 745",
		"area": "Zona Norte",
		"beds": "",
		"city": "Olivos",
		"description": "Alquiler Hermoso 2 Amb en Palermo Soho. en Torre de Categoría - Seguridad 24 Hs y Amenities!",
		"image": "/assets/img/properties/property-2.jpg",
		"money": "$",
		"price": 12000,
		"type": "departamento"
	},
	{
		"id": 8,
		"address": "Constitución 340",
		"area": "Zona Norte",
		"beds": "",
		"city": "San fernando",
		"description": "Alquiler Hermoso 2 Amb en Palermo Soho. en Torre de Categoría - Seguridad 24 Hs y Amenities!",
		"image": "/assets/img/properties/property-1.jpg",
		"money": "$",
		"price": 25000,
		"type": "casa"
	},
	{
		"id": 9,
		"address": "Av. Centenario 1572",
		"area": "Zona Norte",
		"beds": "",
		"city": "San Isidro",
		"description": "Alquiler Hermoso 2 Amb en Palermo Soho. en Torre de Categoría - Seguridad 24 Hs y Amenities!",
		"image": "/assets/img/properties/property-0.jpg",
		"money": "$",
		"price": 25000,
		"type": "departamento"
	},
	{
		"id": 10,
		"address": "Av. Centenario 3200",
		"area": "Zona Norte",
		"beds": "",
		"city": "Beccar",
		"description": "Alquiler Hermoso 2 Amb en Palermo Soho. en Torre de Categoría - Seguridad 24 Hs y Amenities!",
		"image": "/assets/img/properties/property-2.jpg",
		"money": "$",
		"price": 25000,
		"type": "departamento"
	},
	{
		"id": 11,
		"address": "Av. Mitre 2000",
		"area": "Zona Sur",
		"beds": "",
		"city": "Avellaneda",
		"description": "Alquiler Hermoso 2 Amb en Palermo Soho. en Torre de Categoría - Seguridad 24 Hs y Amenities!",
		"image": "/assets/img/properties/property-0.jpg",
		"money": "$",
		"price": 22000,
		"type": "departamento"
	}
]
