[
  {
    "id": 0,
    "name": "Paraguay 4100",
    "price": 35000,
    "description": "Alquiler Hermoso 2 Amb en Palermo Soho. en Torre de Categoría - Seguridad 24 Hs y Amenities!",
    "image": "http://www.alquileo.jrepossi.com/assets/img/properties/property-0.jpg",
    "zone": "Recoleta",
    "type": "departamento",
    "money": "$"
  },
  {
    "id": 1,
    "name": "Av. del Libertador 3600",
    "price": 42500,
    "description": "Alquiler Hermoso 2 Amb en Palermo Soho. en Torre de Categoría - Seguridad 24 Hs y Amenities!",
    "image": "http://www.alquileo.jrepossi.com/assets/img/properties/property-1.jpg",
    "zone": "Palermo",
    "type": "departamento",
    "money": "$"
  },
  {
    "id": 2,
    "name": "Av. Belgrano",
    "price": 25000,
    "description": "Alquiler Hermoso 2 Amb en Palermo Soho. en Torre de Categoría - Seguridad 24 Hs y Amenities!",
    "image": "http://www.alquileo.jrepossi.com/assets/img/properties/property-2.jpg",
    "zone": "Boedo",
    "type": "departamento",
    "money": "$"
  },
  {
    "id": 3,
    "name": "Beruti 4500",
    "price": 23000,
    "description": "Alquiler Hermoso 2 Amb en Palermo Soho. en Torre de Categoría - Seguridad 24 Hs y Amenities!",
    "image": "http://www.alquileo.jrepossi.com/assets/img/properties/property-0.jpg",
    "zone": "Palermo",
    "type": "departamento",
    "money": "$"
  },
  {
    "id": 4,
    "name": "Av. José María Moreno 1445",
    "price": 15000,
    "description": "Alquiler Hermoso 2 Amb en Palermo Soho. en Torre de Categoría - Seguridad 24 Hs y Amenities!",
    "image": "http://www.alquileo.jrepossi.com/assets/img/properties/property-1.jpg",
    "zone": "Caballito",
    "type": "departamento",
    "money": "$"
  },
  {
    "id": 5,
    "name": "Austria 1900",
    "price": 38700,
    "description": "Alquiler Hermoso 2 Amb en Palermo Soho. en Torre de Categoría - Seguridad 24 Hs y Amenities!",
    "image": "https://imgar.zonapropcdn.com/avisos/1/00/48/00/83/88/360x266/1769425482.jpg",
    "zone": "Barrio Norte",
    "type": "departamento",
    "money": "$"
  },
  {
    "id": 6,
    "name": "Av. Pres. Figueroa Alcorta 3548",
    "price": 90000,
    "description": "Alquiler Hermoso 2 Amb en Palermo Soho. en Torre de Categoría - Seguridad 24 Hs y Amenities!",
    "image": "http://www.alquileo.jrepossi.com/assets/img/properties/property-1.jpg",
    "zone": "Barrio Parque",
    "type": "casa",
    "money": "$"
  },
  {
    "id": 7,
    "name": "Av. Santa Fe 745",
    "price": 12000,
    "description": "Alquiler Hermoso 2 Amb en Palermo Soho. en Torre de Categoría - Seguridad 24 Hs y Amenities!",
    "image": "http://www.alquileo.jrepossi.com/assets/img/properties/property-2.jpg",
	 "zone": "Olivos",
    "type": "departamento",
    "money": "$"
  }
]
