[
  {
    "id": 0,
    "address": "Paraguay 4100",
    "price": 35000,
    "description": "Alquiler Hermoso 2 Amb en Palermo Soho. en Torre de Categoría - Seguridad 24 Hs y Amenities!",
    "image": "/assets/img/properties/property-0.jpg",
    "zone": "Capital",
    "neighborhood": "Recoleta",
    "type": "departamento",
    "money": "$"
  },
  {
    "id": 1,
    "address": "Av. del Libertador 3600",
    "price": 42500,
    "description": "Alquiler Hermoso 2 Amb en Palermo Soho. en Torre de Categoría - Seguridad 24 Hs y Amenities!",
    "image": "/assets/img/properties/property-1.jpg",
    "zone": "Capital",
    "neighborhood": "Palermo",
    "type": "departamento",
    "money": "$"
  },
  {
    "id": 2,
    "address": "Av. Belgrano 3245",
    "price": 25000,
    "description": "Alquiler Hermoso 2 Amb en Palermo Soho. en Torre de Categoría - Seguridad 24 Hs y Amenities!",
    "image": "/assets/img/properties/property-2.jpg",
    "zone": "Capital",
    "neighborhood": "Boedo",
    "type": "departamento",
    "money": "$"
  },
  {
    "id": 3,
    "address": "Beruti 4500",
    "price": 23000,
    "description": "Alquiler Hermoso 2 Amb en Palermo Soho. en Torre de Categoría - Seguridad 24 Hs y Amenities!",
    "image": "/assets/img/properties/property-0.jpg",
    "zone": "Capital",
    "neighborhood": "Palermo",
    "type": "departamento",
    "money": "$"
  },
  {
    "id": 4,
    "address": "Av. José María Moreno 1445",
    "price": 15000,
    "description": "Alquiler Hermoso 2 Amb en Palermo Soho. en Torre de Categoría - Seguridad 24 Hs y Amenities!",
    "image": "/assets/img/properties/property-1.jpg",
    "zone": "Capital",
    "neighborhood": "Caballito",
    "type": "departamento",
    "money": "$"
  },
  {
    "id": 5,
    "address": "Austria 1900",
    "price": 38700,
    "description": "Alquiler Hermoso 2 Amb en Palermo Soho. en Torre de Categoría - Seguridad 24 Hs y Amenities!",
    "image": "https://imgar.zonapropcdn.com/avisos/1/00/48/00/83/88/360x266/1769425482.jpg",
    "zone": "Capital",
    "neighborhood": "Barrio Norte",
    "type": "departamento",
    "money": "$"
  },
  {
    "id": 6,
    "address": "Av. Pres. Figueroa Alcorta 3548",
    "price": 90000,
    "description": "Alquiler Hermoso 2 Amb en Palermo Soho. en Torre de Categoría - Seguridad 24 Hs y Amenities!",
    "image": "/assets/img/properties/property-1.jpg",
    "zone": "Capital",
    "neighborhood": "Barrio Parque",
    "type": "casa",
    "money": "$"
  },
  {
    "id": 7,
    "address": "Av. Santa Fe 745",
    "price": 12000,
    "description": "Alquiler Hermoso 2 Amb en Palermo Soho. en Torre de Categoría - Seguridad 24 Hs y Amenities!",
    "image": "/assets/img/properties/property-2.jpg",
    "zone": "Zona Norte",
    "neighborhood": "Olivos",
    "type": "departamento",
    "money": "$"
  },
  {
    "id": 8,
    "address": "Av. Centenario 1572",
    "price": 25000,
    "description": "Alquiler Hermoso 2 Amb en Palermo Soho. en Torre de Categoría - Seguridad 24 Hs y Amenities!",
    "image": "/assets/img/properties/property-0.jpg",
    "zone": "Zona Norte",
    "neighborhood": "San Isidro",
    "type": "departamento",
    "money": "$"
  }
]
